dataset,label,transform,feature_a,feature_b,pearson_r,abs_r,strong_pair
non_starbucks,비스타벅스,transformed,subway_lunch_peak_500m,subway_evening_peak_500m,0.993732,0.993732,True
all,전체,transformed,subway_lunch_peak_500m,subway_evening_peak_500m,0.99368,0.99368,True
starbucks,스타벅스,transformed,subway_lunch_peak_500m,subway_evening_peak_500m,0.991455,0.991455,True
non_starbucks,비스타벅스,raw,subway_lunch_peak_500m,subway_evening_peak_500m,0.985598,0.985598,True
all,전체,raw,subway_lunch_peak_500m,subway_evening_peak_500m,0.985504,0.985504,True
starbucks,스타벅스,raw,subway_lunch_peak_500m,subway_evening_peak_500m,0.982419,0.982419,True
non_starbucks,비스타벅스,transformed,subway_morning_peak_500m,subway_evening_peak_500m,0.982266,0.982266,True
all,전체,transformed,subway_morning_peak_500m,subway_evening_peak_500m,0.982262,0.982262,True
starbucks,스타벅스,transformed,subway_morning_peak_500m,subway_evening_peak_500m,0.980232,0.980232,True
non_starbucks,비스타벅스,transformed,subway_morning_peak_500m,subway_lunch_peak_500m,0.967706,0.967706,True
all,전체,transformed,subway_morning_peak_500m,subway_lunch_peak_500m,0.967546,0.967546,True
starbucks,스타벅스,raw,subway_morning_peak_500m,subway_evening_peak_500m,0.962576,0.962576,True
starbucks,스타벅스,transformed,subway_morning_peak_500m,subway_lunch_peak_500m,0.959319,0.959319,True
all,전체,raw,subway_morning_peak_500m,subway_evening_peak_500m,0.958811,0.958811,True
non_starbucks,비스타벅스,raw,subway_morning_peak_500m,subway_evening_peak_500m,0.958526,0.958526,True
all,전체,raw,subway_morning_peak_500m,subway_lunch_peak_500m,0.924489,0.924489,True
non_starbucks,비스타벅스,raw,subway_morning_peak_500m,subway_lunch_peak_500m,0.924463,0.924463,True
starbucks,스타벅스,transformed,num_restaurants_500m,independent_cafe_count_500m,0.922491,0.922491,True
starbucks,스타벅스,raw,num_restaurants_500m,independent_cafe_count_500m,0.922491,0.922491,True
starbucks,스타벅스,raw,subway_morning_peak_500m,subway_lunch_peak_500m,0.920165,0.920165,True
all,전체,raw,num_restaurants_500m,independent_cafe_count_500m,0.916415,0.916415,True
all,전체,transformed,num_restaurants_500m,independent_cafe_count_500m,0.916415,0.916415,True
non_starbucks,비스타벅스,transformed,num_restaurants_500m,independent_cafe_count_500m,0.916185,0.916185,True
non_starbucks,비스타벅스,raw,num_restaurants_500m,independent_cafe_count_500m,0.916185,0.916185,True
starbucks,스타벅스,raw,num_restaurants_500m,num_convenience_500m,0.870804,0.870804,True
starbucks,스타벅스,transformed,num_restaurants_500m,num_convenience_500m,0.870804,0.870804,True
all,전체,transformed,num_restaurants_500m,num_convenience_500m,0.848082,0.848082,True
all,전체,raw,num_restaurants_500m,num_convenience_500m,0.848082,0.848082,True
non_starbucks,비스타벅스,raw,num_restaurants_500m,num_convenience_500m,0.847154,0.847154,True
non_starbucks,비스타벅스,transformed,num_restaurants_500m,num_convenience_500m,0.847154,0.847154,True
starbucks,스타벅스,transformed,num_convenience_500m,independent_cafe_count_500m,0.819972,0.819972,True
starbucks,스타벅스,raw,num_convenience_500m,independent_cafe_count_500m,0.819972,0.819972,True
non_starbucks,비스타벅스,transformed,num_subway_500m,subway_morning_peak_500m,0.779623,0.779623,True
all,전체,transformed,num_subway_500m,subway_morning_peak_500m,0.779407,0.779407,True
non_starbucks,비스타벅스,transformed,num_subway_500m,subway_lunch_peak_500m,0.76232,0.76232,True
all,전체,transformed,num_subway_500m,subway_lunch_peak_500m,0.762137,0.762137,True
all,전체,raw,num_convenience_500m,independent_cafe_count_500m,0.761302,0.761302,True
all,전체,transformed,num_convenience_500m,independent_cafe_count_500m,0.761302,0.761302,True
starbucks,스타벅스,raw,num_offices,living_population,0.760014,0.760014,True
non_starbucks,비스타벅스,transformed,num_subway_500m,subway_evening_peak_500m,0.759698,0.759698,True
all,전체,transformed,num_subway_500m,subway_evening_peak_500m,0.759506,0.759506,True
non_starbucks,비스타벅스,transformed,num_convenience_500m,independent_cafe_count_500m,0.759224,0.759224,True
non_starbucks,비스타벅스,raw,num_convenience_500m,independent_cafe_count_500m,0.759224,0.759224,True
starbucks,스타벅스,raw,num_convenience_500m,other_franchise_cafe_count_500m,0.757945,0.757945,True
starbucks,스타벅스,transformed,num_convenience_500m,other_franchise_cafe_count_500m,0.757945,0.757945,True
starbucks,스타벅스,transformed,num_convenience_500m,low_price_cafe_count_500m,0.75488,0.75488,True
starbucks,스타벅스,raw,num_convenience_500m,low_price_cafe_count_500m,0.75488,0.75488,True
starbucks,스타벅스,transformed,num_subway_500m,subway_morning_peak_500m,0.752956,0.752956,True
starbucks,스타벅스,raw,num_restaurants_500m,other_franchise_cafe_count_500m,0.751109,0.751109,True
starbucks,스타벅스,transformed,num_restaurants_500m,other_franchise_cafe_count_500m,0.751109,0.751109,True
starbucks,스타벅스,transformed,num_restaurants_500m,low_price_cafe_count_500m,0.742591,0.742591,True
starbucks,스타벅스,raw,num_restaurants_500m,low_price_cafe_count_500m,0.742591,0.742591,True
starbucks,스타벅스,transformed,num_subway_500m,subway_lunch_peak_500m,0.735438,0.735438,True
non_starbucks,비스타벅스,transformed,num_restaurants_500m,num_retail_500m,0.733538,0.733538,True
all,전체,transformed,num_restaurants_500m,num_retail_500m,0.732927,0.732927,True
starbucks,스타벅스,transformed,num_subway_500m,subway_evening_peak_500m,0.732037,0.732037,True
all,전체,raw,num_offices,living_population,0.732008,0.732008,True
all,전체,transformed,num_convenience_500m,other_franchise_cafe_count_500m,0.730721,0.730721,True
all,전체,raw,num_convenience_500m,other_franchise_cafe_count_500m,0.730721,0.730721,True
non_starbucks,비스타벅스,raw,num_offices,living_population,0.730334,0.730334,True
all,전체,raw,num_convenience_500m,low_price_cafe_count_500m,0.729613,0.729613,True
all,전체,transformed,num_convenience_500m,low_price_cafe_count_500m,0.729613,0.729613,True
non_starbucks,비스타벅스,raw,num_convenience_500m,other_franchise_cafe_count_500m,0.729249,0.729249,True
non_starbucks,비스타벅스,transformed,num_convenience_500m,other_franchise_cafe_count_500m,0.729249,0.729249,True
non_starbucks,비스타벅스,transformed,num_convenience_500m,low_price_cafe_count_500m,0.72825,0.72825,True
non_starbucks,비스타벅스,raw,num_convenience_500m,low_price_cafe_count_500m,0.72825,0.72825,True
all,전체,transformed,num_restaurants_500m,low_price_cafe_count_500m,0.727144,0.727144,True
all,전체,raw,num_restaurants_500m,low_price_cafe_count_500m,0.727144,0.727144,True
non_starbucks,비스타벅스,raw,num_restaurants_500m,low_price_cafe_count_500m,0.726253,0.726253,True
non_starbucks,비스타벅스,transformed,num_restaurants_500m,low_price_cafe_count_500m,0.726253,0.726253,True
non_starbucks,비스타벅스,transformed,num_retail_500m,num_convenience_500m,0.716698,0.716698,True
all,전체,transformed,num_retail_500m,num_convenience_500m,0.716614,0.716614,True
starbucks,스타벅스,raw,independent_cafe_count_500m,low_price_cafe_count_500m,0.712901,0.712901,True
starbucks,스타벅스,transformed,independent_cafe_count_500m,low_price_cafe_count_500m,0.712901,0.712901,True
all,전체,raw,num_restaurants_500m,other_franchise_cafe_count_500m,0.711908,0.711908,True
all,전체,transformed,num_restaurants_500m,other_franchise_cafe_count_500m,0.711908,0.711908,True
non_starbucks,비스타벅스,transformed,num_restaurants_500m,other_franchise_cafe_count_500m,0.710164,0.710164,True
non_starbucks,비스타벅스,raw,num_restaurants_500m,other_franchise_cafe_count_500m,0.710164,0.710164,True
starbucks,스타벅스,transformed,num_restaurants_500m,num_retail_500m,0.706697,0.706697,True
starbucks,스타벅스,transformed,num_retail_500m,num_convenience_500m,0.705422,0.705422,True
starbucks,스타벅스,transformed,num_offices,land_price,0.70456,0.70456,True
starbucks,스타벅스,raw,independent_cafe_count_500m,other_franchise_cafe_count_500m,0.702782,0.702782,True
starbucks,스타벅스,transformed,independent_cafe_count_500m,other_franchise_cafe_count_500m,0.702782,0.702782,True
all,전체,transformed,num_offices,land_price,0.681305,0.681305,False
non_starbucks,비스타벅스,transformed,num_offices,land_price,0.679578,0.679578,False
starbucks,스타벅스,raw,num_subway_500m,subway_morning_peak_500m,0.66365,0.66365,False
non_starbucks,비스타벅스,transformed,dist_nearest_subway,num_subway_500m,-0.654104,0.654104,False
starbucks,스타벅스,transformed,num_retail_500m,independent_cafe_count_500m,0.652977,0.652977,False
all,전체,transformed,dist_nearest_subway,num_subway_500m,-0.651444,0.651444,False
starbucks,스타벅스,raw,low_price_cafe_count_500m,other_franchise_cafe_count_500m,0.645457,0.645457,False
starbucks,스타벅스,transformed,low_price_cafe_count_500m,other_franchise_cafe_count_500m,0.645457,0.645457,False
all,전체,raw,low_price_cafe_count_500m,other_franchise_cafe_count_500m,0.644571,0.644571,False
all,전체,transformed,low_price_cafe_count_500m,other_franchise_cafe_count_500m,0.644571,0.644571,False
non_starbucks,비스타벅스,transformed,low_price_cafe_count_500m,other_franchise_cafe_count_500m,0.64373,0.64373,False
non_starbucks,비스타벅스,raw,low_price_cafe_count_500m,other_franchise_cafe_count_500m,0.64373,0.64373,False
all,전체,raw,num_subway_500m,subway_morning_peak_500m,0.6419,0.6419,False
non_starbucks,비스타벅스,raw,num_subway_500m,subway_morning_peak_500m,0.640475,0.640475,False
starbucks,스타벅스,raw,num_subway_500m,subway_evening_peak_500m,0.636185,0.636185,False
starbucks,스타벅스,raw,num_subway_500m,subway_lunch_peak_500m,0.635539,0.635539,False
all,전체,transformed,num_retail_500m,independent_cafe_count_500m,0.63403,0.63403,False
all,전체,transformed,independent_cafe_count_500m,low_price_cafe_count_500m,0.63348,0.63348,False
all,전체,raw,independent_cafe_count_500m,low_price_cafe_count_500m,0.63348,0.63348,False
non_starbucks,비스타벅스,transformed,num_retail_500m,independent_cafe_count_500m,0.633113,0.633113,False
non_starbucks,비스타벅스,transformed,independent_cafe_count_500m,low_price_cafe_count_500m,0.630512,0.630512,False
non_starbucks,비스타벅스,raw,independent_cafe_count_500m,low_price_cafe_count_500m,0.630512,0.630512,False
non_starbucks,비스타벅스,raw,dist_nearest_subway,num_subway_500m,-0.626388,0.626388,False
non_starbucks,비스타벅스,transformed,dist_nearest_subway,subway_morning_peak_500m,-0.626168,0.626168,False
non_starbucks,비스타벅스,raw,num_restaurants_500m,num_retail_500m,0.6256,0.6256,False
all,전체,transformed,dist_nearest_subway,subway_morning_peak_500m,-0.625299,0.625299,False
all,전체,raw,dist_nearest_subway,num_subway_500m,-0.624086,0.624086,False
all,전체,raw,num_restaurants_500m,num_retail_500m,0.62277,0.62277,False
starbucks,스타벅스,raw,nearest_subway_ridership,subway_evening_peak_500m,0.619309,0.619309,False
all,전체,transformed,num_retail_500m,low_price_cafe_count_500m,0.615489,0.615489,False
non_starbucks,비스타벅스,transformed,num_retail_500m,low_price_cafe_count_500m,0.615054,0.615054,False
all,전체,raw,num_subway_500m,subway_evening_peak_500m,0.613632,0.613632,False
all,전체,raw,num_subway_500m,subway_lunch_peak_500m,0.613491,0.613491,False
non_starbucks,비스타벅스,raw,num_subway_500m,subway_evening_peak_500m,0.612068,0.612068,False
non_starbucks,비스타벅스,raw,num_subway_500m,subway_lunch_peak_500m,0.612005,0.612005,False
starbucks,스타벅스,transformed,num_retail_500m,low_price_cafe_count_500m,0.611673,0.611673,False
non_starbucks,비스타벅스,transformed,dist_nearest_subway,subway_lunch_peak_500m,-0.609746,0.609746,False
all,전체,transformed,dist_nearest_subway,subway_lunch_peak_500m,-0.608943,0.608943,False
non_starbucks,비스타벅스,transformed,dist_nearest_subway,subway_evening_peak_500m,-0.608434,0.608434,False
all,전체,transformed,dist_nearest_subway,subway_evening_peak_500m,-0.607825,0.607825,False
non_starbucks,비스타벅스,raw,num_retail_500m,num_convenience_500m,0.605213,0.605213,False
all,전체,raw,num_retail_500m,num_convenience_500m,0.604693,0.604693,False
all,전체,transformed,independent_cafe_count_500m,other_franchise_cafe_count_500m,0.603413,0.603413,False
all,전체,raw,independent_cafe_count_500m,other_franchise_cafe_count_500m,0.603413,0.603413,False
starbucks,스타벅스,raw,nearest_subway_ridership,subway_lunch_peak_500m,0.601847,0.601847,False
non_starbucks,비스타벅스,transformed,independent_cafe_count_500m,other_franchise_cafe_count_500m,0.599729,0.599729,False
non_starbucks,비스타벅스,raw,independent_cafe_count_500m,other_franchise_cafe_count_500m,0.599729,0.599729,False
all,전체,transformed,num_offices,living_population,0.597651,0.597651,False
non_starbucks,비스타벅스,transformed,num_offices,living_population,0.596824,0.596824,False
starbucks,스타벅스,transformed,nearest_subway_ridership,subway_evening_peak_500m,0.591553,0.591553,False
starbucks,스타벅스,transformed,num_offices,living_population,0.590126,0.590126,False
non_starbucks,비스타벅스,transformed,independent_cafe_count_500m,land_price,0.589731,0.589731,False
all,전체,transformed,independent_cafe_count_500m,land_price,0.589149,0.589149,False
starbucks,스타벅스,raw,num_retail_500m,num_convenience_500m,0.586377,0.586377,False
non_starbucks,비스타벅스,raw,num_offices,land_price,0.580951,0.580951,False
all,전체,raw,num_offices,land_price,0.580912,0.580912,False
starbucks,스타벅스,transformed,nearest_subway_ridership,num_convenience_500m,0.580177,0.580177,False
starbucks,스타벅스,raw,subway_lunch_peak_500m,num_retail_500m,0.579881,0.579881,False
starbucks,스타벅스,raw,subway_evening_peak_500m,independent_cafe_count_500m,0.578752,0.578752,False
all,전체,raw,nearest_subway_ridership,subway_evening_peak_500m,0.575667,0.575667,False
starbucks,스타벅스,transformed,nearest_subway_ridership,subway_lunch_peak_500m,0.573979,0.573979,False
non_starbucks,비스타벅스,raw,nearest_subway_ridership,subway_evening_peak_500m,0.573395,0.573395,False
starbucks,스타벅스,transformed,nearest_subway_ridership,num_restaurants_500m,0.573302,0.573302,False
starbucks,스타벅스,transformed,nearest_subway_ridership,independent_cafe_count_500m,0.571484,0.571484,False
starbucks,스타벅스,raw,independent_cafe_count_500m,land_price,0.569851,0.569851,False
all,전체,raw,subway_lunch_peak_500m,num_retail_500m,0.569461,0.569461,False
all,전체,transformed,subway_evening_peak_500m,num_restaurants_500m,0.568838,0.568838,False
non_starbucks,비스타벅스,transformed,subway_evening_peak_500m,num_restaurants_500m,0.568433,0.568433,False
non_starbucks,비스타벅스,raw,subway_lunch_peak_500m,num_retail_500m,0.568098,0.568098,False
starbucks,스타벅스,raw,num_retail_500m,independent_cafe_count_500m,0.566906,0.566906,False
non_starbucks,비스타벅스,raw,num_retail_500m,independent_cafe_count_500m,0.566675,0.566675,False
all,전체,raw,num_retail_500m,independent_cafe_count_500m,0.566296,0.566296,False
starbucks,스타벅스,transformed,num_retail_500m,other_franchise_cafe_count_500m,0.56436,0.56436,False
starbucks,스타벅스,transformed,subway_evening_peak_500m,independent_cafe_count_500m,0.563888,0.563888,False
starbucks,스타벅스,raw,num_offices,land_price,0.561395,0.561395,False
starbucks,스타벅스,transformed,subway_evening_peak_500m,num_restaurants_500m,0.561094,0.561094,False
non_starbucks,비스타벅스,transformed,num_restaurants_500m,land_price,0.561059,0.561059,False
starbucks,스타벅스,transformed,independent_cafe_count_500m,land_price,0.561012,0.561012,False
starbucks,스타벅스,raw,num_restaurants_500m,num_retail_500m,0.560491,0.560491,False
all,전체,transformed,num_restaurants_500m,land_price,0.560334,0.560334,False
all,전체,raw,subway_evening_peak_500m,num_restaurants_500m,0.560153,0.560153,False
non_starbucks,비스타벅스,raw,subway_evening_peak_500m,num_restaurants_500m,0.559821,0.559821,False
all,전체,transformed,num_retail_500m,other_franchise_cafe_count_500m,0.556521,0.556521,False
starbucks,스타벅스,transformed,nearest_subway_ridership,num_retail_500m,0.555882,0.555882,False
starbucks,스타벅스,transformed,nearest_subway_ridership,subway_morning_peak_500m,0.555862,0.555862,False
non_starbucks,비스타벅스,transformed,num_retail_500m,other_franchise_cafe_count_500m,0.555492,0.555492,False
starbucks,스타벅스,raw,subway_evening_peak_500m,num_restaurants_500m,0.55441,0.55441,False
starbucks,스타벅스,transformed,dist_nearest_subway,subway_morning_peak_500m,-0.554073,0.554073,False
starbucks,스타벅스,transformed,subway_lunch_peak_500m,num_retail_500m,0.553984,0.553984,False
starbucks,스타벅스,raw,subway_morning_peak_500m,independent_cafe_count_500m,0.553665,0.553665,False
starbucks,스타벅스,transformed,num_restaurants_500m,dist_nearest_starbucks,-0.552946,0.552946,False
all,전체,raw,nearest_subway_ridership,subway_lunch_peak_500m,0.552805,0.552805,False
starbucks,스타벅스,transformed,independent_cafe_count_500m,dist_nearest_starbucks,-0.55278,0.55278,False
starbucks,스타벅스,raw,nearest_subway_ridership,num_convenience_500m,0.551068,0.551068,False
all,전체,transformed,subway_lunch_peak_500m,num_restaurants_500m,0.5504,0.5504,False
non_starbucks,비스타벅스,raw,nearest_subway_ridership,subway_lunch_peak_500m,0.55028,0.55028,False
non_starbucks,비스타벅스,transformed,subway_lunch_peak_500m,num_restaurants_500m,0.550277,0.550277,False
starbucks,스타벅스,raw,nearest_subway_ridership,subway_morning_peak_500m,0.549858,0.549858,False
starbucks,스타벅스,raw,nearest_subway_ridership,independent_cafe_count_500m,0.54938,0.54938,False
starbucks,스타벅스,transformed,num_retail_500m,dist_nearest_starbucks,-0.546512,0.546512,False
starbucks,스타벅스,transformed,subway_evening_peak_500m,num_retail_500m,0.546361,0.546361,False
non_starbucks,비스타벅스,raw,num_retail_500m,low_price_cafe_count_500m,0.545979,0.545979,False
all,전체,raw,num_retail_500m,low_price_cafe_count_500m,0.545229,0.545229,False
all,전체,raw,nearest_subway_ridership,independent_cafe_count_500m,0.544731,0.544731,False
non_starbucks,비스타벅스,raw,nearest_subway_ridership,independent_cafe_count_500m,0.544211,0.544211,False
starbucks,스타벅스,transformed,dist_nearest_subway,subway_evening_peak_500m,-0.543938,0.543938,False
starbucks,스타벅스,transformed,dist_nearest_subway,subway_lunch_peak_500m,-0.540257,0.540257,False
all,전체,raw,independent_cafe_count_500m,land_price,0.539916,0.539916,False
non_starbucks,비스타벅스,raw,independent_cafe_count_500m,land_price,0.538475,0.538475,False
all,전체,transformed,subway_evening_peak_500m,num_convenience_500m,0.537827,0.537827,False
non_starbucks,비스타벅스,transformed,subway_evening_peak_500m,num_convenience_500m,0.537813,0.537813,False
starbucks,스타벅스,raw,subway_lunch_peak_500m,independent_cafe_count_500m,0.537163,0.537163,False
all,전체,transformed,avg_income,land_price,0.53576,0.53576,False
non_starbucks,비스타벅스,transformed,avg_income,land_price,0.53464,0.53464,False
starbucks,스타벅스,transformed,subway_lunch_peak_500m,independent_cafe_count_500m,0.534616,0.534616,False
all,전체,transformed,subway_lunch_peak_500m,num_retail_500m,0.534355,0.534355,False
starbucks,스타벅스,transformed,subway_morning_peak_500m,independent_cafe_count_500m,0.533988,0.533988,False
non_starbucks,비스타벅스,raw,num_retail_500m,land_price,0.533353,0.533353,False
starbucks,스타벅스,transformed,subway_lunch_peak_500m,num_restaurants_500m,0.532959,0.532959,False
non_starbucks,비스타벅스,transformed,subway_lunch_peak_500m,num_retail_500m,0.532902,0.532902,False
non_starbucks,비스타벅스,raw,subway_lunch_peak_500m,num_restaurants_500m,0.5326,0.5326,False
all,전체,raw,subway_lunch_peak_500m,num_restaurants_500m,0.532446,0.532446,False
all,전체,raw,num_retail_500m,land_price,0.531828,0.531828,False
all,전체,transformed,nearest_subway_ridership,num_restaurants_500m,0.531087,0.531087,False
starbucks,스타벅스,transformed,dist_nearest_subway,num_subway_500m,-0.53068,0.53068,False
all,전체,transformed,subway_evening_peak_500m,num_retail_500m,0.530368,0.530368,False
starbucks,스타벅스,raw,nearest_subway_ridership,num_restaurants_500m,0.529997,0.529997,False
non_starbucks,비스타벅스,transformed,nearest_subway_ridership,num_restaurants_500m,0.529197,0.529197,False
non_starbucks,비스타벅스,transformed,subway_evening_peak_500m,num_retail_500m,0.529019,0.529019,False
starbucks,스타벅스,transformed,subway_morning_peak_500m,num_restaurants_500m,0.528957,0.528957,False
all,전체,raw,subway_evening_peak_500m,num_retail_500m,0.528685,0.528685,False
all,전체,transformed,subway_evening_peak_500m,other_franchise_cafe_count_500m,0.52846,0.52846,False
non_starbucks,비스타벅스,transformed,subway_evening_peak_500m,other_franchise_cafe_count_500m,0.527858,0.527858,False
non_starbucks,비스타벅스,raw,subway_evening_peak_500m,num_retail_500m,0.527762,0.527762,False
starbucks,스타벅스,raw,num_restaurants_500m,land_price,0.527692,0.527692,False
starbucks,스타벅스,raw,subway_morning_peak_500m,num_restaurants_500m,0.527177,0.527177,False
starbucks,스타벅스,raw,subway_evening_peak_500m,num_retail_500m,0.527116,0.527116,False
all,전체,raw,subway_evening_peak_500m,num_convenience_500m,0.527057,0.527057,False
non_starbucks,비스타벅스,raw,subway_evening_peak_500m,num_convenience_500m,0.526872,0.526872,False
all,전체,raw,nearest_subway_ridership,num_restaurants_500m,0.524662,0.524662,False
non_starbucks,비스타벅스,raw,nearest_subway_ridership,num_restaurants_500m,0.52395,0.52395,False
all,전체,raw,subway_morning_peak_500m,other_franchise_cafe_count_500m,0.522911,0.522911,False
starbucks,스타벅스,transformed,avg_income,land_price,0.522205,0.522205,False
all,전체,transformed,subway_morning_peak_500m,num_restaurants_500m,0.52218,0.52218,False
non_starbucks,비스타벅스,raw,subway_morning_peak_500m,other_franchise_cafe_count_500m,0.522118,0.522118,False
non_starbucks,비스타벅스,transformed,subway_morning_peak_500m,num_restaurants_500m,0.521181,0.521181,False
all,전체,transformed,subway_morning_peak_500m,num_convenience_500m,0.520697,0.520697,False
starbucks,스타벅스,transformed,num_restaurants_500m,land_price,0.520675,0.520675,False
non_starbucks,비스타벅스,transformed,subway_morning_peak_500m,num_convenience_500m,0.52048,0.52048,False
all,전체,transformed,subway_morning_peak_500m,other_franchise_cafe_count_500m,0.520425,0.520425,False
all,전체,transformed,nearest_subway_ridership,num_convenience_500m,0.519827,0.519827,False
non_starbucks,비스타벅스,transformed,subway_morning_peak_500m,other_franchise_cafe_count_500m,0.519788,0.519788,False
all,전체,raw,subway_evening_peak_500m,other_franchise_cafe_count_500m,0.519461,0.519461,False
starbucks,스타벅스,transformed,num_convenience_500m,dist_nearest_starbucks,-0.5186,0.5186,False
non_starbucks,비스타벅스,raw,subway_evening_peak_500m,other_franchise_cafe_count_500m,0.518545,0.518545,False
all,전체,transformed,avg_income,num_offices,0.518376,0.518376,False
all,전체,raw,num_restaurants_500m,land_price,0.518356,0.518356,False
all,전체,raw,subway_evening_peak_500m,independent_cafe_count_500m,0.518096,0.518096,False
non_starbucks,비스타벅스,transformed,avg_income,num_offices,0.51794,0.51794,False
starbucks,스타벅스,raw,num_retail_500m,low_price_cafe_count_500m,0.517821,0.517821,False
non_starbucks,비스타벅스,raw,num_restaurants_500m,land_price,0.517328,0.517328,False
non_starbucks,비스타벅스,transformed,nearest_subway_ridership,num_convenience_500m,0.51726,0.51726,False
all,전체,raw,subway_morning_peak_500m,num_convenience_500m,0.516751,0.516751,False
starbucks,스타벅스,raw,dist_nearest_subway,num_subway_500m,-0.516562,0.516562,False
non_starbucks,비스타벅스,raw,subway_morning_peak_500m,num_convenience_500m,0.516354,0.516354,False
starbucks,스타벅스,transformed,subway_evening_peak_500m,num_convenience_500m,0.516262,0.516262,False
starbucks,스타벅스,raw,num_restaurants_500m,dist_nearest_starbucks,-0.515652,0.515652,False
non_starbucks,비스타벅스,raw,subway_evening_peak_500m,independent_cafe_count_500m,0.515578,0.515578,False
all,전체,transformed,subway_lunch_peak_500m,other_franchise_cafe_count_500m,0.514429,0.514429,False
starbucks,스타벅스,transformed,subway_evening_peak_500m,dist_nearest_starbucks,-0.514086,0.514086,False
non_starbucks,비스타벅스,transformed,subway_lunch_peak_500m,other_franchise_cafe_count_500m,0.513899,0.513899,False
all,전체,transformed,nearest_subway_ridership,subway_evening_peak_500m,0.513244,0.513244,False
non_starbucks,비스타벅스,transformed,subway_lunch_peak_500m,num_convenience_500m,0.513156,0.513156,False
all,전체,transformed,subway_lunch_peak_500m,num_convenience_500m,0.513113,0.513113,False
starbucks,스타벅스,raw,subway_lunch_peak_500m,num_restaurants_500m,0.513043,0.513043,False
starbucks,스타벅스,raw,independent_cafe_count_500m,dist_nearest_starbucks,-0.512556,0.512556,False
all,전체,transformed,nearest_subway_ridership,independent_cafe_count_500m,0.512214,0.512214,False
starbucks,스타벅스,raw,subway_evening_peak_500m,num_convenience_500m,0.510391,0.510391,False
all,전체,raw,subway_morning_peak_500m,num_restaurants_500m,0.509961,0.509961,False
non_starbucks,비스타벅스,transformed,nearest_subway_ridership,independent_cafe_count_500m,0.509935,0.509935,False
non_starbucks,비스타벅스,transformed,nearest_subway_ridership,subway_evening_peak_500m,0.509885,0.509885,False
non_starbucks,비스타벅스,raw,subway_morning_peak_500m,num_restaurants_500m,0.508655,0.508655,False
non_starbucks,비스타벅스,transformed,num_convenience_500m,land_price,0.508281,0.508281,False
starbucks,스타벅스,raw,subway_evening_peak_500m,other_franchise_cafe_count_500m,0.507926,0.507926,False
all,전체,transformed,nearest_subway_ridership,num_retail_500m,0.507919,0.507919,False
starbucks,스타벅스,raw,subway_morning_peak_500m,other_franchise_cafe_count_500m,0.507514,0.507514,False
all,전체,transformed,num_convenience_500m,land_price,0.507115,0.507115,False
non_starbucks,비스타벅스,transformed,num_retail_500m,land_price,0.507045,0.507045,False
all,전체,transformed,num_retail_500m,land_price,0.506899,0.506899,False
all,전체,transformed,subway_evening_peak_500m,independent_cafe_count_500m,0.506531,0.506531,False
non_starbucks,비스타벅스,transformed,nearest_subway_ridership,num_retail_500m,0.505774,0.505774,False
non_starbucks,비스타벅스,raw,num_retail_500m,other_franchise_cafe_count_500m,0.504683,0.504683,False
starbucks,스타벅스,raw,subway_morning_peak_500m,num_convenience_500m,0.504656,0.504656,False
starbucks,스타벅스,transformed,subway_evening_peak_500m,other_franchise_cafe_count_500m,0.504456,0.504456,False
all,전체,raw,num_retail_500m,other_franchise_cafe_count_500m,0.504451,0.504451,False
non_starbucks,비스타벅스,transformed,subway_evening_peak_500m,independent_cafe_count_500m,0.504161,0.504161,False
all,전체,raw,nearest_subway_ridership,num_convenience_500m,0.504157,0.504157,False
starbucks,스타벅스,transformed,independent_cafe_count_500m,num_offices,0.503467,0.503467,False
starbucks,스타벅스,transformed,subway_morning_peak_500m,num_convenience_500m,0.503214,0.503214,False
non_starbucks,비스타벅스,raw,nearest_subway_ridership,num_convenience_500m,0.5018,0.5018,False
starbucks,스타벅스,transformed,other_franchise_cafe_count_500m,dist_nearest_starbucks,-0.501487,0.501487,False
all,전체,raw,subway_lunch_peak_500m,other_franchise_cafe_count_500m,0.498901,0.498901,False
starbucks,스타벅스,transformed,subway_morning_peak_500m,num_retail_500m,0.498572,0.498572,False
non_starbucks,비스타벅스,raw,subway_lunch_peak_500m,other_franchise_cafe_count_500m,0.498173,0.498173,False
starbucks,스타벅스,transformed,subway_lunch_peak_500m,dist_nearest_starbucks,-0.497628,0.497628,False
non_starbucks,비스타벅스,raw,num_convenience_500m,land_price,0.497237,0.497237,False
all,전체,transformed,nearest_subway_ridership,subway_lunch_peak_500m,0.497184,0.497184,False
all,전체,raw,num_convenience_500m,land_price,0.496854,0.496854,False
all,전체,raw,nearest_subway_ridership,subway_morning_peak_500m,0.496537,0.496537,False
starbucks,스타벅스,transformed,subway_morning_peak_500m,other_franchise_cafe_count_500m,0.495621,0.495621,False
non_starbucks,비스타벅스,transformed,nearest_subway_ridership,subway_lunch_peak_500m,0.493852,0.493852,False
non_starbucks,비스타벅스,raw,nearest_subway_ridership,subway_morning_peak_500m,0.493688,0.493688,False
starbucks,스타벅스,transformed,subway_morning_peak_500m,dist_nearest_starbucks,-0.492118,0.492118,False
all,전체,raw,subway_lunch_peak_500m,num_convenience_500m,0.490493,0.490493,False
all,전체,transformed,subway_evening_peak_500m,low_price_cafe_count_500m,0.490382,0.490382,False
non_starbucks,비스타벅스,raw,subway_lunch_peak_500m,num_convenience_500m,0.490349,0.490349,False
all,전체,transformed,subway_morning_peak_500m,num_retail_500m,0.490171,0.490171,False
non_starbucks,비스타벅스,transformed,subway_evening_peak_500m,low_price_cafe_count_500m,0.489604,0.489604,False
non_starbucks,비스타벅스,transformed,subway_morning_peak_500m,num_retail_500m,0.488973,0.488973,False
starbucks,스타벅스,transformed,subway_lunch_peak_500m,num_convenience_500m,0.488563,0.488563,False
starbucks,스타벅스,transformed,subway_lunch_peak_500m,other_franchise_cafe_count_500m,0.48826,0.48826,False
all,전체,raw,subway_lunch_peak_500m,independent_cafe_count_500m,0.487693,0.487693,False
all,전체,transformed,subway_lunch_peak_500m,independent_cafe_count_500m,0.486051,0.486051,False
non_starbucks,비스타벅스,raw,subway_lunch_peak_500m,independent_cafe_count_500m,0.485521,0.485521,False
starbucks,스타벅스,raw,num_convenience_500m,dist_nearest_starbucks,-0.484637,0.484637,False
non_starbucks,비스타벅스,transformed,subway_lunch_peak_500m,independent_cafe_count_500m,0.483918,0.483918,False
starbucks,스타벅스,raw,num_retail_500m,land_price,0.483917,0.483917,False
starbucks,스타벅스,raw,subway_lunch_peak_500m,other_franchise_cafe_count_500m,0.483011,0.483011,False
starbucks,스타벅스,transformed,nearest_subway_ridership,dist_nearest_starbucks,-0.482993,0.482993,False
starbucks,스타벅스,transformed,avg_income,num_offices,0.482634,0.482634,False
starbucks,스타벅스,raw,num_retail_500m,other_franchise_cafe_count_500m,0.480858,0.480858,False
starbucks,스타벅스,transformed,dist_nearest_starbucks,land_price,-0.480709,0.480709,False
starbucks,스타벅스,transformed,num_retail_500m,land_price,0.479603,0.479603,False
starbucks,스타벅스,transformed,nearest_subway_ridership,low_price_cafe_count_500m,0.478376,0.478376,False
all,전체,transformed,num_restaurants_500m,dist_nearest_starbucks,-0.477397,0.477397,False
non_starbucks,비스타벅스,transformed,other_franchise_cafe_count_500m,dist_nearest_starbucks,-0.477368,0.477368,False
starbucks,스타벅스,raw,subway_evening_peak_500m,low_price_cafe_count_500m,0.47729,0.47729,False
starbucks,스타벅스,transformed,subway_evening_peak_500m,low_price_cafe_count_500m,0.477012,0.477012,False
all,전체,transformed,other_franchise_cafe_count_500m,dist_nearest_starbucks,-0.476878,0.476878,False
non_starbucks,비스타벅스,transformed,num_restaurants_500m,dist_nearest_starbucks,-0.475613,0.475613,False
all,전체,transformed,nearest_subway_ridership,subway_morning_peak_500m,0.47535,0.47535,False
all,전체,transformed,subway_morning_peak_500m,low_price_cafe_count_500m,0.474988,0.474988,False
all,전체,raw,subway_evening_peak_500m,low_price_cafe_count_500m,0.474984,0.474984,False
all,전체,transformed,num_convenience_500m,dist_nearest_starbucks,-0.474839,0.474839,False
starbucks,스타벅스,transformed,nearest_subway_ridership,other_franchise_cafe_count_500m,0.474815,0.474815,False
non_starbucks,비스타벅스,transformed,num_convenience_500m,dist_nearest_starbucks,-0.474176,0.474176,False
non_starbucks,비스타벅스,transformed,subway_morning_peak_500m,low_price_cafe_count_500m,0.47401,0.47401,False
all,전체,transformed,num_retail_500m,dist_nearest_starbucks,-0.473706,0.473706,False
non_starbucks,비스타벅스,raw,subway_evening_peak_500m,low_price_cafe_count_500m,0.473701,0.473701,False
all,전체,transformed,subway_lunch_peak_500m,low_price_cafe_count_500m,0.472196,0.472196,False
starbucks,스타벅스,raw,subway_morning_peak_500m,low_price_cafe_count_500m,0.472092,0.472092,False
non_starbucks,비스타벅스,transformed,num_retail_500m,dist_nearest_starbucks,-0.472017,0.472017,False
non_starbucks,비스타벅스,transformed,nearest_subway_ridership,subway_morning_peak_500m,0.471814,0.471814,False
non_starbucks,비스타벅스,transformed,subway_lunch_peak_500m,low_price_cafe_count_500m,0.471709,0.471709,False
starbucks,스타벅스,raw,subway_lunch_peak_500m,num_convenience_500m,0.471697,0.471697,False
starbucks,스타벅스,raw,other_franchise_cafe_count_500m,land_price,0.471631,0.471631,False
all,전체,transformed,independent_cafe_count_500m,num_offices,0.47052,0.47052,False
non_starbucks,비스타벅스,transformed,independent_cafe_count_500m,num_offices,0.468835,0.468835,False
starbucks,스타벅스,raw,other_franchise_cafe_count_500m,dist_nearest_starbucks,-0.46814,0.46814,False
all,전체,raw,other_franchise_cafe_count_500m,land_price,0.467517,0.467517,False
non_starbucks,비스타벅스,raw,other_franchise_cafe_count_500m,land_price,0.466015,0.466015,False
starbucks,스타벅스,transformed,subway_morning_peak_500m,low_price_cafe_count_500m,0.465429,0.465429,False
starbucks,스타벅스,raw,num_convenience_500m,land_price,0.464745,0.464745,False
all,전체,raw,subway_morning_peak_500m,low_price_cafe_count_500m,0.463279,0.463279,False
all,전체,raw,num_restaurants_500m,dist_nearest_starbucks,-0.463099,0.463099,False
non_starbucks,비스타벅스,raw,num_restaurants_500m,dist_nearest_starbucks,-0.461896,0.461896,False
non_starbucks,비스타벅스,raw,subway_morning_peak_500m,low_price_cafe_count_500m,0.46167,0.46167,False
all,전체,raw,num_convenience_500m,dist_nearest_starbucks,-0.460839,0.460839,False
non_starbucks,비스타벅스,raw,num_convenience_500m,dist_nearest_starbucks,-0.460688,0.460688,False
all,전체,raw,subway_morning_peak_500m,num_retail_500m,0.458487,0.458487,False
non_starbucks,비스타벅스,raw,subway_morning_peak_500m,num_retail_500m,0.457488,0.457488,False
all,전체,raw,subway_morning_peak_500m,independent_cafe_count_500m,0.457024,0.457024,False
starbucks,스타벅스,raw,subway_morning_peak_500m,land_price,0.455031,0.455031,False
non_starbucks,비스타벅스,raw,other_franchise_cafe_count_500m,dist_nearest_starbucks,-0.453774,0.453774,False
all,전체,transformed,subway_morning_peak_500m,independent_cafe_count_500m,0.453685,0.453685,False
all,전체,raw,other_franchise_cafe_count_500m,dist_nearest_starbucks,-0.453149,0.453149,False
starbucks,스타벅스,transformed,num_convenience_500m,land_price,0.453037,0.453037,False
non_starbucks,비스타벅스,raw,subway_morning_peak_500m,independent_cafe_count_500m,0.453035,0.453035,False
starbucks,스타벅스,raw,subway_morning_peak_500m,num_retail_500m,0.452178,0.452178,False
all,전체,transformed,other_franchise_cafe_count_500m,land_price,0.451343,0.451343,False
starbucks,스타벅스,transformed,low_price_cafe_count_500m,dist_nearest_starbucks,-0.450717,0.450717,False
non_starbucks,비스타벅스,transformed,subway_morning_peak_500m,independent_cafe_count_500m,0.450471,0.450471,False
non_starbucks,비스타벅스,transformed,other_franchise_cafe_count_500m,land_price,0.450246,0.450246,False
starbucks,스타벅스,transformed,subway_lunch_peak_500m,low_price_cafe_count_500m,0.449743,0.449743,False
all,전체,transformed,subway_evening_peak_500m,dist_nearest_starbucks,-0.448273,0.448273,False
non_starbucks,비스타벅스,transformed,subway_evening_peak_500m,dist_nearest_starbucks,-0.447596,0.447596,False
all,전체,raw,subway_lunch_peak_500m,low_price_cafe_count_500m,0.447405,0.447405,False
all,전체,raw,avg_income,land_price,0.447297,0.447297,False
non_starbucks,비스타벅스,transformed,subway_morning_peak_500m,dist_nearest_starbucks,-0.446752,0.446752,False
all,전체,transformed,subway_morning_peak_500m,dist_nearest_starbucks,-0.446732,0.446732,False
non_starbucks,비스타벅스,raw,subway_lunch_peak_500m,low_price_cafe_count_500m,0.446608,0.446608,False
non_starbucks,비스타벅스,raw,avg_income,land_price,0.446469,0.446469,False
starbucks,스타벅스,raw,subway_evening_peak_500m,land_price,0.444549,0.444549,False
starbucks,스타벅스,raw,nearest_subway_ridership,low_price_cafe_count_500m,0.441349,0.441349,False
starbucks,스타벅스,raw,independent_cafe_count_500m,num_offices,0.440758,0.440758,False
starbucks,스타벅스,transformed,other_franchise_cafe_count_500m,land_price,0.439335,0.439335,False
all,전체,raw,subway_evening_peak_500m,land_price,0.43859,0.43859,False
starbucks,스타벅스,raw,nearest_subway_ridership,other_franchise_cafe_count_500m,0.43821,0.43821,False
starbucks,스타벅스,raw,subway_lunch_peak_500m,low_price_cafe_count_500m,0.437081,0.437081,False
non_starbucks,비스타벅스,raw,subway_evening_peak_500m,land_price,0.436928,0.436928,False
all,전체,transformed,subway_lunch_peak_500m,dist_nearest_starbucks,-0.435271,0.435271,False
non_starbucks,비스타벅스,transformed,subway_lunch_peak_500m,dist_nearest_starbucks,-0.434622,0.434622,False
starbucks,스타벅스,transformed,num_restaurants_500m,num_offices,0.432684,0.432684,False
starbucks,스타벅스,raw,subway_evening_peak_500m,dist_nearest_starbucks,-0.431635,0.431635,False
starbucks,스타벅스,raw,dist_nearest_subway,dist_nearest_starbucks,0.430053,0.430053,False
all,전체,transformed,subway_evening_peak_500m,land_price,0.429579,0.429579,False
non_starbucks,비스타벅스,transformed,subway_evening_peak_500m,land_price,0.428941,0.428941,False
all,전체,transformed,num_restaurants_500m,num_offices,0.426805,0.426805,False
all,전체,raw,subway_morning_peak_500m,land_price,0.426687,0.426687,False
non_starbucks,비스타벅스,transformed,num_restaurants_500m,num_offices,0.425661,0.425661,False
all,전체,transformed,nearest_subway_ridership,low_price_cafe_count_500m,0.425213,0.425213,False
starbucks,스타벅스,raw,avg_income,land_price,0.424445,0.424445,False
non_starbucks,비스타벅스,raw,subway_morning_peak_500m,land_price,0.424021,0.424021,False
starbucks,스타벅스,raw,nearest_subway_ridership,num_retail_500m,0.423025,0.423025,False
all,전체,transformed,independent_cafe_count_500m,dist_nearest_starbucks,-0.422664,0.422664,False
non_starbucks,비스타벅스,transformed,nearest_subway_ridership,low_price_cafe_count_500m,0.4226,0.4226,False
starbucks,스타벅스,raw,subway_lunch_peak_500m,land_price,0.4219,0.4219,False
all,전체,raw,subway_lunch_peak_500m,land_price,0.421162,0.421162,False
non_starbucks,비스타벅스,raw,subway_lunch_peak_500m,land_price,0.419728,0.419728,False
starbucks,스타벅스,transformed,num_retail_500m,num_offices,0.419305,0.419305,False
non_starbucks,비스타벅스,transformed,independent_cafe_count_500m,dist_nearest_starbucks,-0.419117,0.419117,False
starbucks,스타벅스,raw,low_price_cafe_count_500m,dist_nearest_starbucks,-0.418823,0.418823,False
non_starbucks,비스타벅스,transformed,dist_nearest_subway,dist_nearest_starbucks,0.417509,0.417509,False
all,전체,transformed,subway_lunch_peak_500m,land_price,0.416954,0.416954,False
non_starbucks,비스타벅스,transformed,subway_lunch_peak_500m,land_price,0.416382,0.416382,False
all,전체,transformed,dist_nearest_subway,dist_nearest_starbucks,0.414826,0.414826,False
starbucks,스타벅스,raw,subway_morning_peak_500m,dist_nearest_starbucks,-0.414202,0.414202,False
all,전체,transformed,low_price_cafe_count_500m,dist_nearest_starbucks,-0.414004,0.414004,False
non_starbucks,비스타벅스,raw,dist_nearest_subway,subway_morning_peak_500m,-0.413699,0.413699,False
non_starbucks,비스타벅스,transformed,low_price_cafe_count_500m,dist_nearest_starbucks,-0.413693,0.413693,False
all,전체,raw,dist_nearest_subway,subway_morning_peak_500m,-0.412618,0.412618,False
starbucks,스타벅스,raw,subway_lunch_peak_500m,dist_nearest_starbucks,-0.411709,0.411709,False
all,전체,raw,independent_cafe_count_500m,dist_nearest_starbucks,-0.411539,0.411539,False
all,전체,transformed,dist_nearest_starbucks,land_price,-0.411335,0.411335,False
non_starbucks,비스타벅스,raw,avg_income,num_offices,0.41065,0.41065,False
all,전체,raw,avg_income,num_offices,0.4103,0.4103,False
non_starbucks,비스타벅스,transformed,dist_nearest_starbucks,land_price,-0.410186,0.410186,False
all,전체,transformed,nearest_subway_ridership,other_franchise_cafe_count_500m,0.40916,0.40916,False
non_starbucks,비스타벅스,raw,independent_cafe_count_500m,dist_nearest_starbucks,-0.408704,0.408704,False
all,전체,raw,nearest_subway_ridership,num_retail_500m,0.406739,0.406739,False
non_starbucks,비스타벅스,transformed,nearest_subway_ridership,other_franchise_cafe_count_500m,0.405936,0.405936,False
all,전체,transformed,num_convenience_500m,num_offices,0.405745,0.405745,False
non_starbucks,비스타벅스,raw,nearest_subway_ridership,num_retail_500m,0.405506,0.405506,False
non_starbucks,비스타벅스,transformed,num_convenience_500m,num_offices,0.405136,0.405136,False
starbucks,스타벅스,transformed,dist_nearest_starbucks,num_offices,-0.403207,0.403207,False
all,전체,transformed,subway_morning_peak_500m,land_price,0.402352,0.402352,False
non_starbucks,비스타벅스,transformed,subway_morning_peak_500m,land_price,0.401212,0.401212,False
non_starbucks,비스타벅스,raw,low_price_cafe_count_500m,dist_nearest_starbucks,-0.398191,0.398191,False
all,전체,raw,low_price_cafe_count_500m,dist_nearest_starbucks,-0.39812,0.39812,False
non_starbucks,비스타벅스,raw,dist_nearest_subway,subway_evening_peak_500m,-0.397745,0.397745,False
starbucks,스타벅스,transformed,subway_evening_peak_500m,land_price,0.397651,0.397651,False
all,전체,raw,dist_nearest_subway,subway_evening_peak_500m,-0.397126,0.397126,False
non_starbucks,비스타벅스,raw,num_convenience_500m,living_population,0.39667,0.39667,False
non_starbucks,비스타벅스,raw,dist_nearest_subway,subway_lunch_peak_500m,-0.396482,0.396482,False
all,전체,raw,dist_nearest_subway,dist_nearest_starbucks,0.396418,0.396418,False
non_starbucks,비스타벅스,raw,dist_nearest_subway,dist_nearest_starbucks,0.396352,0.396352,False
non_starbucks,비스타벅스,raw,living_population,land_price,0.396083,0.396083,False
all,전체,raw,nearest_subway_ridership,low_price_cafe_count_500m,0.39578,0.39578,False
all,전체,raw,living_population,land_price,0.395687,0.395687,False
non_starbucks,비스타벅스,raw,independent_cafe_count_500m,living_population,0.39554,0.39554,False
all,전체,raw,dist_nearest_subway,subway_lunch_peak_500m,-0.395478,0.395478,False
all,전체,raw,independent_cafe_count_500m,living_population,0.39497,0.39497,False
all,전체,raw,num_convenience_500m,living_population,0.394926,0.394926,False
non_starbucks,비스타벅스,raw,nearest_subway_ridership,low_price_cafe_count_500m,0.393265,0.393265,False
non_starbucks,비스타벅스,raw,num_restaurants_500m,living_population,0.392809,0.392809,False
starbucks,스타벅스,transformed,num_convenience_500m,num_offices,0.392503,0.392503,False
all,전체,raw,num_restaurants_500m,living_population,0.392274,0.392274,False
all,전체,raw,low_price_cafe_count_500m,land_price,0.39127,0.39127,False
non_starbucks,비스타벅스,raw,low_price_cafe_count_500m,land_price,0.390374,0.390374,False
starbucks,스타벅스,raw,nearest_subway_ridership,dist_nearest_starbucks,-0.38966,0.38966,False
all,전체,transformed,living_population,land_price,0.38947,0.38947,False
non_starbucks,비스타벅스,transformed,living_population,land_price,0.389131,0.389131,False
non_starbucks,비스타벅스,transformed,dist_nearest_subway,num_retail_500m,-0.388963,0.388963,False
starbucks,스타벅스,raw,num_restaurants_500m,num_offices,0.388954,0.388954,False
all,전체,transformed,dist_nearest_subway,num_retail_500m,-0.38755,0.38755,False
all,전체,raw,independent_cafe_count_500m,num_offices,0.384585,0.384585,False
starbucks,스타벅스,transformed,subway_lunch_peak_500m,land_price,0.383324,0.383324,False
all,전체,raw,num_convenience_500m,num_offices,0.382586,0.382586,False
non_starbucks,비스타벅스,raw,num_convenience_500m,num_offices,0.382511,0.382511,False
starbucks,스타벅스,raw,dist_nearest_starbucks,land_price,-0.382119,0.382119,False
non_starbucks,비스타벅스,raw,independent_cafe_count_500m,num_offices,0.381999,0.381999,False
starbucks,스타벅스,transformed,subway_morning_peak_500m,land_price,0.381259,0.381259,False
starbucks,스타벅스,raw,low_price_cafe_count_500m,land_price,0.381157,0.381157,False
all,전체,transformed,num_subway_500m,other_franchise_cafe_count_500m,0.380214,0.380214,False
all,전체,raw,num_subway_500m,other_franchise_cafe_count_500m,0.380214,0.380214,False
non_starbucks,비스타벅스,transformed,num_subway_500m,other_franchise_cafe_count_500m,0.380097,0.380097,False
non_starbucks,비스타벅스,raw,num_subway_500m,other_franchise_cafe_count_500m,0.380097,0.380097,False
non_starbucks,비스타벅스,transformed,num_convenience_500m,living_population,0.378218,0.378218,False
all,전체,transformed,num_retail_500m,num_offices,0.378032,0.378032,False
all,전체,transformed,num_convenience_500m,living_population,0.377278,0.377278,False
non_starbucks,비스타벅스,transformed,num_retail_500m,num_offices,0.375445,0.375445,False
all,전체,raw,num_subway_500m,num_restaurants_500m,0.375236,0.375236,False
all,전체,transformed,num_subway_500m,num_restaurants_500m,0.375236,0.375236,False
non_starbucks,비스타벅스,raw,num_subway_500m,num_restaurants_500m,0.375107,0.375107,False
non_starbucks,비스타벅스,transformed,num_subway_500m,num_restaurants_500m,0.375107,0.375107,False
all,전체,raw,num_restaurants_500m,num_offices,0.374176,0.374176,False
starbucks,스타벅스,transformed,dist_nearest_subway,dist_nearest_starbucks,0.373222,0.373222,False
all,전체,raw,subway_morning_peak_500m,num_offices,0.373133,0.373133,False
non_starbucks,비스타벅스,raw,num_restaurants_500m,num_offices,0.372773,0.372773,False
non_starbucks,비스타벅스,transformed,dist_nearest_starbucks,num_offices,-0.372477,0.372477,False
all,전체,transformed,dist_nearest_starbucks,num_offices,-0.372371,0.372371,False
non_starbucks,비스타벅스,raw,subway_morning_peak_500m,num_offices,0.37163,0.37163,False
starbucks,스타벅스,raw,num_retail_500m,dist_nearest_starbucks,-0.36948,0.36948,False
all,전체,raw,subway_morning_peak_500m,dist_nearest_starbucks,-0.365912,0.365912,False
all,전체,transformed,other_franchise_cafe_count_500m,num_offices,0.365485,0.365485,False
non_starbucks,비스타벅스,raw,subway_morning_peak_500m,dist_nearest_starbucks,-0.365335,0.365335,False
non_starbucks,비스타벅스,transformed,other_franchise_cafe_count_500m,num_offices,0.363843,0.363843,False
all,전체,transformed,num_subway_500m,num_retail_500m,0.363681,0.363681,False
non_starbucks,비스타벅스,transformed,num_subway_500m,num_retail_500m,0.363053,0.363053,False
all,전체,raw,subway_evening_peak_500m,dist_nearest_starbucks,-0.36269,0.36269,False
starbucks,스타벅스,transformed,subway_morning_peak_500m,num_offices,0.361548,0.361548,False
non_starbucks,비스타벅스,raw,subway_evening_peak_500m,dist_nearest_starbucks,-0.361228,0.361228,False
starbucks,스타벅스,raw,subway_morning_peak_500m,num_offices,0.360813,0.360813,False
all,전체,transformed,nearest_subway_ridership,land_price,0.360761,0.360761,False
starbucks,스타벅스,transformed,other_franchise_cafe_count_500m,num_offices,0.360562,0.360562,False
non_starbucks,비스타벅스,transformed,nearest_subway_ridership,land_price,0.35998,0.35998,False
starbucks,스타벅스,raw,num_convenience_500m,num_offices,0.359626,0.359626,False
all,전체,transformed,low_price_cafe_count_500m,land_price,0.35951,0.35951,False
non_starbucks,비스타벅스,transformed,low_price_cafe_count_500m,land_price,0.359153,0.359153,False
starbucks,스타벅스,raw,independent_cafe_count_500m,living_population,0.359016,0.359016,False
all,전체,raw,nearest_subway_ridership,other_franchise_cafe_count_500m,0.357283,0.357283,False
all,전체,transformed,num_restaurants_500m,living_population,0.356438,0.356438,False
starbucks,스타벅스,transformed,num_subway_500m,independent_cafe_count_500m,0.356333,0.356333,False
starbucks,스타벅스,raw,num_subway_500m,independent_cafe_count_500m,0.356333,0.356333,False
non_starbucks,비스타벅스,transformed,num_restaurants_500m,living_population,0.356058,0.356058,False
starbucks,스타벅스,raw,num_subway_500m,num_retail_500m,0.35565,0.35565,False
starbucks,스타벅스,transformed,nearest_subway_ridership,num_offices,0.354164,0.354164,False
non_starbucks,비스타벅스,raw,nearest_subway_ridership,other_franchise_cafe_count_500m,0.353246,0.353246,False
all,전체,raw,num_subway_500m,num_retail_500m,0.352901,0.352901,False
all,전체,transformed,independent_cafe_count_500m,living_population,0.352554,0.352554,False
starbucks,스타벅스,raw,avg_income,num_offices,0.352403,0.352403,False
non_starbucks,비스타벅스,transformed,independent_cafe_count_500m,living_population,0.352099,0.352099,False
non_starbucks,비스타벅스,raw,num_subway_500m,num_retail_500m,0.351883,0.351883,False
starbucks,스타벅스,transformed,num_subway_500m,num_retail_500m,0.351103,0.351103,False
starbucks,스타벅스,raw,num_restaurants_500m,living_population,0.351095,0.351095,False
non_starbucks,비스타벅스,raw,num_subway_500m,num_convenience_500m,0.350214,0.350214,False
non_starbucks,비스타벅스,transformed,num_subway_500m,num_convenience_500m,0.350214,0.350214,False
starbucks,스타벅스,transformed,nearest_subway_ridership,land_price,0.349925,0.349925,False
all,전체,transformed,num_subway_500m,num_convenience_500m,0.349802,0.349802,False
all,전체,raw,num_subway_500m,num_convenience_500m,0.349802,0.349802,False
starbucks,스타벅스,transformed,living_population,land_price,0.349797,0.349797,False
starbucks,스타벅스,transformed,num_subway_500m,num_restaurants_500m,0.348802,0.348802,False
starbucks,스타벅스,raw,num_subway_500m,num_restaurants_500m,0.348802,0.348802,False
non_starbucks,비스타벅스,transformed,other_franchise_cafe_count_500m,living_population,0.348427,0.348427,False
all,전체,raw,subway_lunch_peak_500m,dist_nearest_starbucks,-0.347508,0.347508,False
all,전체,transformed,other_franchise_cafe_count_500m,living_population,0.34722,0.34722,False
starbucks,스타벅스,raw,living_population,land_price,0.346807,0.346807,False
starbucks,스타벅스,transformed,subway_evening_peak_500m,num_offices,0.346254,0.346254,False
non_starbucks,비스타벅스,raw,subway_lunch_peak_500m,dist_nearest_starbucks,-0.346125,0.346125,False
non_starbucks,비스타벅스,raw,num_subway_500m,low_price_cafe_count_500m,0.345507,0.345507,False
non_starbucks,비스타벅스,transformed,num_subway_500m,low_price_cafe_count_500m,0.345507,0.345507,False
all,전체,raw,num_subway_500m,low_price_cafe_count_500m,0.344945,0.344945,False
all,전체,transformed,num_subway_500m,low_price_cafe_count_500m,0.344945,0.344945,False
non_starbucks,비스타벅스,raw,dist_nearest_subway,num_restaurants_500m,-0.344607,0.344607,False
all,전체,raw,other_franchise_cafe_count_500m,num_offices,0.344232,0.344232,False
non_starbucks,비스타벅스,raw,other_franchise_cafe_count_500m,num_offices,0.344138,0.344138,False
all,전체,raw,dist_nearest_subway,num_restaurants_500m,-0.343732,0.343732,False
all,전체,transformed,subway_morning_peak_500m,num_offices,0.342719,0.342719,False
non_starbucks,비스타벅스,transformed,dist_nearest_subway,num_restaurants_500m,-0.342594,0.342594,False
starbucks,스타벅스,raw,dist_nearest_subway,subway_morning_peak_500m,-0.341687,0.341687,False
all,전체,transformed,dist_nearest_subway,num_restaurants_500m,-0.341663,0.341663,False
non_starbucks,비스타벅스,raw,low_price_cafe_count_500m,living_population,0.340512,0.340512,False
starbucks,스타벅스,transformed,independent_cafe_count_500m,living_population,0.340217,0.340217,False
non_starbucks,비스타벅스,transformed,subway_morning_peak_500m,num_offices,0.339965,0.339965,False
all,전체,raw,low_price_cafe_count_500m,living_population,0.338742,0.338742,False
starbucks,스타벅스,raw,dist_nearest_subway,subway_evening_peak_500m,-0.337573,0.337573,False
non_starbucks,비스타벅스,raw,dist_nearest_subway,num_convenience_500m,-0.336556,0.336556,False
non_starbucks,비스타벅스,transformed,num_subway_500m,dist_nearest_starbucks,-0.336487,0.336487,False
starbucks,스타벅스,raw,num_subway_500m,other_franchise_cafe_count_500m,0.336234,0.336234,False
starbucks,스타벅스,transformed,num_subway_500m,other_franchise_cafe_count_500m,0.336234,0.336234,False
all,전체,transformed,num_subway_500m,dist_nearest_starbucks,-0.335381,0.335381,False
starbucks,스타벅스,transformed,num_restaurants_500m,living_population,0.335332,0.335332,False
all,전체,raw,dist_nearest_subway,num_convenience_500m,-0.335274,0.335274,False
non_starbucks,비스타벅스,raw,other_franchise_cafe_count_500m,living_population,0.335192,0.335192,False
all,전체,transformed,subway_evening_peak_500m,num_offices,0.335003,0.335003,False
non_starbucks,비스타벅스,transformed,dist_nearest_starbucks,living_population,-0.334442,0.334442,False
all,전체,transformed,nearest_subway_ridership,dist_nearest_starbucks,-0.333588,0.333588,False
all,전체,raw,num_retail_500m,dist_nearest_starbucks,-0.33333,0.33333,False
all,전체,raw,other_franchise_cafe_count_500m,living_population,0.332954,0.332954,False
non_starbucks,비스타벅스,raw,num_retail_500m,dist_nearest_starbucks,-0.332947,0.332947,False
non_starbucks,비스타벅스,transformed,subway_evening_peak_500m,num_offices,0.332538,0.332538,False
non_starbucks,비스타벅스,transformed,low_price_cafe_count_500m,living_population,0.332512,0.332512,False
all,전체,transformed,dist_nearest_starbucks,living_population,-0.331855,0.331855,False
all,전체,transformed,low_price_cafe_count_500m,living_population,0.331725,0.331725,False
non_starbucks,비스타벅스,transformed,dist_nearest_subway,num_convenience_500m,-0.33144,0.33144,False
all,전체,transformed,dist_nearest_subway,num_convenience_500m,-0.330096,0.330096,False
starbucks,스타벅스,transformed,num_subway_500m,dist_nearest_starbucks,-0.329817,0.329817,False
non_starbucks,비스타벅스,transformed,nearest_subway_ridership,dist_nearest_starbucks,-0.329681,0.329681,False
all,전체,raw,subway_evening_peak_500m,num_offices,0.329556,0.329556,False
starbucks,스타벅스,transformed,low_price_cafe_count_500m,land_price,0.329017,0.329017,False
non_starbucks,비스타벅스,raw,subway_evening_peak_500m,num_offices,0.328435,0.328435,False
starbucks,스타벅스,raw,dist_nearest_subway,subway_lunch_peak_500m,-0.327979,0.327979,False
starbucks,스타벅스,transformed,low_price_cafe_count_500m,num_offices,0.324474,0.324474,False
all,전체,raw,dist_nearest_starbucks,land_price,-0.324171,0.324171,False
all,전체,transformed,num_subway_500m,land_price,0.323561,0.323561,False
non_starbucks,비스타벅스,raw,dist_nearest_starbucks,land_price,-0.322929,0.322929,False
non_starbucks,비스타벅스,transformed,num_subway_500m,land_price,0.322783,0.322783,False
all,전체,transformed,low_price_cafe_count_500m,num_offices,0.322609,0.322609,False
starbucks,스타벅스,raw,num_convenience_500m,living_population,0.32188,0.32188,False
non_starbucks,비스타벅스,raw,num_subway_500m,dist_nearest_starbucks,-0.321806,0.321806,False
starbucks,스타벅스,raw,num_bus_stops_300m,num_convenience_500m,0.321261,0.321261,False
starbucks,스타벅스,transformed,num_bus_stops_300m,num_convenience_500m,0.321261,0.321261,False
non_starbucks,비스타벅스,transformed,low_price_cafe_count_500m,num_offices,0.320958,0.320958,False
all,전체,raw,num_subway_500m,dist_nearest_starbucks,-0.320699,0.320699,False
non_starbucks,비스타벅스,transformed,avg_income,living_population,0.32034,0.32034,False
all,전체,transformed,avg_income,living_population,0.320105,0.320105,False
all,전체,transformed,nearest_subway_ridership,num_offices,0.320084,0.320084,False
non_starbucks,비스타벅스,transformed,dist_nearest_subway,low_price_cafe_count_500m,-0.319947,0.319947,False
starbucks,스타벅스,transformed,num_convenience_500m,living_population,0.319368,0.319368,False
all,전체,transformed,dist_nearest_subway,low_price_cafe_count_500m,-0.319176,0.319176,False
non_starbucks,비스타벅스,transformed,dist_nearest_subway,other_franchise_cafe_count_500m,-0.319033,0.319033,False
all,전체,transformed,dist_nearest_subway,other_franchise_cafe_count_500m,-0.318075,0.318075,False
non_starbucks,비스타벅스,transformed,nearest_subway_ridership,num_offices,0.317712,0.317712,False
non_starbucks,비스타벅스,raw,dist_nearest_subway,low_price_cafe_count_500m,-0.317438,0.317438,False
all,전체,raw,num_subway_500m,independent_cafe_count_500m,0.316716,0.316716,False
all,전체,transformed,num_subway_500m,independent_cafe_count_500m,0.316716,0.316716,False
all,전체,raw,dist_nearest_subway,low_price_cafe_count_500m,-0.316615,0.316615,False
non_starbucks,비스타벅스,transformed,num_subway_500m,independent_cafe_count_500m,0.314637,0.314637,False
non_starbucks,비스타벅스,raw,num_subway_500m,independent_cafe_count_500m,0.314637,0.314637,False
non_starbucks,비스타벅스,raw,dist_nearest_subway,other_franchise_cafe_count_500m,-0.314326,0.314326,False
all,전체,raw,dist_nearest_subway,other_franchise_cafe_count_500m,-0.313507,0.313507,False
starbucks,스타벅스,raw,num_subway_500m,land_price,0.313104,0.313104,False
starbucks,스타벅스,raw,num_subway_500m,dist_nearest_starbucks,-0.312932,0.312932,False
all,전체,raw,num_subway_500m,land_price,0.31086,0.31086,False
starbucks,스타벅스,transformed,dist_nearest_subway,num_retail_500m,-0.310295,0.310295,False
starbucks,스타벅스,raw,dist_nearest_starbucks,num_offices,-0.309594,0.309594,False
non_starbucks,비스타벅스,raw,num_subway_500m,land_price,0.309199,0.309199,False
starbucks,스타벅스,raw,subway_evening_peak_500m,num_offices,0.308878,0.308878,False
starbucks,스타벅스,raw,nearest_subway_ridership,num_offices,0.308721,0.308721,False
starbucks,스타벅스,transformed,subway_lunch_peak_500m,num_offices,0.30717,0.30717,False
starbucks,스타벅스,transformed,num_subway_500m,num_convenience_500m,0.306923,0.306923,False
starbucks,스타벅스,raw,num_subway_500m,num_convenience_500m,0.306923,0.306923,False
starbucks,스타벅스,raw,other_franchise_cafe_count_500m,num_offices,0.30397,0.30397,False
all,전체,transformed,subway_lunch_peak_500m,num_offices,0.302659,0.302659,False
all,전체,raw,nearest_subway_ridership,living_population,0.301605,0.301605,False
non_starbucks,비스타벅스,raw,nearest_subway_ridership,living_population,0.301371,0.301371,False
non_starbucks,비스타벅스,raw,num_retail_500m,num_offices,0.301303,0.301303,False
all,전체,raw,num_retail_500m,num_offices,0.300939,0.300939,False
all,전체,raw,low_price_cafe_count_500m,num_offices,0.300427,0.300427,False
non_starbucks,비스타벅스,transformed,subway_lunch_peak_500m,num_offices,0.300382,0.300382,False
non_starbucks,비스타벅스,raw,low_price_cafe_count_500m,num_offices,0.300188,0.300188,False
starbucks,스타벅스,raw,num_bus_stops_300m,low_price_cafe_count_500m,0.299421,0.299421,False
starbucks,스타벅스,transformed,num_bus_stops_300m,low_price_cafe_count_500m,0.299421,0.299421,False
starbucks,스타벅스,transformed,num_subway_500m,land_price,0.2946,0.2946,False
starbucks,스타벅스,raw,nearest_subway_ridership,land_price,0.293761,0.293761,False
non_starbucks,비스타벅스,raw,dist_nearest_starbucks,living_population,-0.293611,0.293611,False
starbucks,스타벅스,raw,num_bus_stops_300m,other_franchise_cafe_count_500m,0.293483,0.293483,False
starbucks,스타벅스,transformed,num_bus_stops_300m,other_franchise_cafe_count_500m,0.293483,0.293483,False
starbucks,스타벅스,transformed,num_bus_stops_300m,num_restaurants_500m,0.292924,0.292924,False
starbucks,스타벅스,raw,num_bus_stops_300m,num_restaurants_500m,0.292924,0.292924,False
all,전체,raw,nearest_subway_ridership,land_price,0.291804,0.291804,False
all,전체,raw,dist_nearest_starbucks,living_population,-0.291276,0.291276,False
non_starbucks,비스타벅스,raw,nearest_subway_ridership,land_price,0.290638,0.290638,False
non_starbucks,비스타벅스,raw,avg_income,living_population,0.289592,0.289592,False
all,전체,raw,avg_income,living_population,0.288663,0.288663,False
starbucks,스타벅스,transformed,num_bus_stops_300m,subway_lunch_peak_500m,0.288441,0.288441,False
starbucks,스타벅스,transformed,num_bus_stops_300m,subway_evening_peak_500m,0.286831,0.286831,False
all,전체,raw,nearest_subway_ridership,num_offices,0.28654,0.28654,False
starbucks,스타벅스,transformed,num_subway_500m,low_price_cafe_count_500m,0.286249,0.286249,False
starbucks,스타벅스,raw,num_subway_500m,low_price_cafe_count_500m,0.286249,0.286249,False
starbucks,스타벅스,transformed,num_bus_stops_300m,subway_morning_peak_500m,0.285628,0.285628,False
non_starbucks,비스타벅스,transformed,dist_nearest_subway,land_price,-0.284864,0.284864,False
non_starbucks,비스타벅스,raw,nearest_subway_ridership,num_offices,0.284478,0.284478,False
all,전체,transformed,dist_nearest_subway,land_price,-0.283573,0.283573,False
starbucks,스타벅스,raw,dist_nearest_subway,num_restaurants_500m,-0.283509,0.283509,False
non_starbucks,비스타벅스,transformed,dist_nearest_starbucks,avg_income,-0.282485,0.282485,False
all,전체,raw,subway_lunch_peak_500m,num_offices,0.28087,0.28087,False
all,전체,transformed,dist_nearest_starbucks,avg_income,-0.280286,0.280286,False
non_starbucks,비스타벅스,raw,subway_lunch_peak_500m,num_offices,0.28017,0.28017,False
starbucks,스타벅스,transformed,dist_nearest_starbucks,living_population,-0.279534,0.279534,False
non_starbucks,비스타벅스,raw,dist_nearest_subway,independent_cafe_count_500m,-0.277978,0.277978,False
all,전체,raw,dist_nearest_subway,independent_cafe_count_500m,-0.27795,0.27795,False
starbucks,스타벅스,raw,nearest_subway_ridership,living_population,0.277301,0.277301,False
all,전체,raw,dist_nearest_starbucks,num_offices,-0.277011,0.277011,False
non_starbucks,비스타벅스,raw,dist_nearest_starbucks,num_offices,-0.276901,0.276901,False
starbucks,스타벅스,transformed,dist_nearest_subway,num_restaurants_500m,-0.275559,0.275559,False
starbucks,스타벅스,raw,num_bus_stops_300m,subway_morning_peak_500m,0.273264,0.273264,False
non_starbucks,비스타벅스,raw,dist_nearest_subway,num_retail_500m,-0.273036,0.273036,False
starbucks,스타벅스,raw,num_bus_stops_300m,subway_evening_peak_500m,0.272747,0.272747,False
starbucks,스타벅스,transformed,num_bus_stops_300m,num_retail_500m,0.272203,0.272203,False
all,전체,transformed,dist_nearest_subway,independent_cafe_count_500m,-0.27214,0.27214,False
non_starbucks,비스타벅스,transformed,dist_nearest_subway,independent_cafe_count_500m,-0.272123,0.272123,False
all,전체,raw,dist_nearest_subway,num_retail_500m,-0.270118,0.270118,False
starbucks,스타벅스,raw,low_price_cafe_count_500m,num_offices,0.269465,0.269465,False
starbucks,스타벅스,raw,num_bus_stops_300m,subway_lunch_peak_500m,0.268275,0.268275,False
starbucks,스타벅스,raw,num_bus_stops_300m,independent_cafe_count_500m,0.265751,0.265751,False
starbucks,스타벅스,transformed,num_bus_stops_300m,independent_cafe_count_500m,0.265751,0.265751,False
starbucks,스타벅스,raw,dist_nearest_subway,num_convenience_500m,-0.265464,0.265464,False
all,전체,raw,nearest_subway_ridership,dist_nearest_starbucks,-0.265409,0.265409,False
starbucks,스타벅스,transformed,nearest_subway_ridership,living_population,0.264519,0.264519,False
starbucks,스타벅스,transformed,low_price_cafe_count_500m,living_population,0.262554,0.262554,False
non_starbucks,비스타벅스,raw,nearest_subway_ridership,dist_nearest_starbucks,-0.261565,0.261565,False
non_starbucks,비스타벅스,raw,dist_nearest_starbucks,avg_income,-0.259312,0.259312,False
starbucks,스타벅스,raw,num_retail_500m,num_offices,0.259163,0.259163,False
starbucks,스타벅스,transformed,dist_nearest_starbucks,avg_income,-0.25763,0.25763,False
starbucks,스타벅스,transformed,other_franchise_cafe_count_500m,living_population,0.257446,0.257446,False
all,전체,raw,dist_nearest_starbucks,avg_income,-0.256913,0.256913,False
non_starbucks,비스타벅스,raw,subway_evening_peak_500m,living_population,0.254351,0.254351,False
starbucks,스타벅스,transformed,dist_nearest_subway,num_convenience_500m,-0.25328,0.25328,False
all,전체,raw,subway_evening_peak_500m,living_population,0.25294,0.25294,False
starbucks,스타벅스,raw,low_price_cafe_count_500m,living_population,0.252188,0.252188,False
all,전체,transformed,nearest_subway_ridership,living_population,0.250238,0.250238,False
starbucks,스타벅스,raw,subway_lunch_peak_500m,num_offices,0.249949,0.249949,False
starbucks,스타벅스,raw,dist_nearest_starbucks,living_population,-0.249637,0.249637,False
non_starbucks,비스타벅스,transformed,nearest_subway_ridership,living_population,0.248382,0.248382,False
starbucks,스타벅스,transformed,dist_nearest_subway,num_bus_stops_300m,-0.247827,0.247827,False
starbucks,스타벅스,raw,dist_nearest_subway,low_price_cafe_count_500m,-0.246786,0.246786,False
starbucks,스타벅스,raw,dist_nearest_subway,independent_cafe_count_500m,-0.246253,0.246253,False
starbucks,스타벅스,transformed,dist_nearest_subway,low_price_cafe_count_500m,-0.243908,0.243908,False
non_starbucks,비스타벅스,raw,subway_morning_peak_500m,living_population,0.242508,0.242508,False
all,전체,raw,subway_morning_peak_500m,living_population,0.241957,0.241957,False
all,전체,transformed,subway_evening_peak_500m,living_population,0.240372,0.240372,False
starbucks,스타벅스,transformed,avg_income,living_population,0.240338,0.240338,False
non_starbucks,비스타벅스,transformed,subway_evening_peak_500m,living_population,0.239866,0.239866,False
starbucks,스타벅스,transformed,dist_nearest_subway,independent_cafe_count_500m,-0.237913,0.237913,False
starbucks,스타벅스,raw,dist_nearest_subway,num_bus_stops_300m,-0.235827,0.235827,False
starbucks,스타벅스,raw,dist_nearest_subway,other_franchise_cafe_count_500m,-0.234298,0.234298,False
all,전체,transformed,subway_morning_peak_500m,living_population,0.229364,0.229364,False
starbucks,스타벅스,raw,dist_nearest_starbucks,avg_income,-0.228961,0.228961,False
non_starbucks,비스타벅스,transformed,subway_morning_peak_500m,living_population,0.228649,0.228649,False
starbucks,스타벅스,raw,other_franchise_cafe_count_500m,living_population,0.225836,0.225836,False
starbucks,스타벅스,transformed,dist_nearest_subway,other_franchise_cafe_count_500m,-0.225383,0.225383,False
starbucks,스타벅스,raw,num_bus_stops_300m,num_retail_500m,0.224804,0.224804,False
starbucks,스타벅스,raw,num_subway_500m,num_bus_stops_300m,0.223262,0.223262,False
starbucks,스타벅스,transformed,num_subway_500m,num_bus_stops_300m,0.223262,0.223262,False
starbucks,스타벅스,transformed,num_subway_500m,num_offices,0.214339,0.214339,False
non_starbucks,비스타벅스,raw,dist_nearest_subway,land_price,-0.214269,0.214269,False
all,전체,raw,dist_nearest_subway,land_price,-0.213668,0.213668,False
all,전체,transformed,subway_lunch_peak_500m,living_population,0.210855,0.210855,False
non_starbucks,비스타벅스,transformed,subway_lunch_peak_500m,living_population,0.210547,0.210547,False
all,전체,transformed,num_subway_500m,num_offices,0.208778,0.208778,False
non_starbucks,비스타벅스,raw,subway_lunch_peak_500m,living_population,0.208256,0.208256,False
non_starbucks,비스타벅스,transformed,num_subway_500m,num_offices,0.206489,0.206489,False
all,전체,raw,subway_lunch_peak_500m,living_population,0.206436,0.206436,False
starbucks,스타벅스,transformed,num_bus_stops_300m,dist_nearest_starbucks,-0.203581,0.203581,False
starbucks,스타벅스,raw,avg_income,living_population,0.202462,0.202462,False
starbucks,스타벅스,transformed,num_subway_500m,nearest_subway_ridership,0.198693,0.198693,False
all,전체,transformed,num_retail_500m,living_population,0.196623,0.196623,False
non_starbucks,비스타벅스,transformed,num_retail_500m,living_population,0.19545,0.19545,False
non_starbucks,비스타벅스,raw,num_retail_500m,living_population,0.188779,0.188779,False
starbucks,스타벅스,transformed,num_retail_500m,living_population,0.188303,0.188303,False
starbucks,스타벅스,raw,nearest_subway_ridership,num_bus_stops_300m,0.186488,0.186488,False
starbucks,스타벅스,raw,num_bus_stops_300m,dist_nearest_starbucks,-0.186411,0.186411,False
all,전체,raw,num_retail_500m,living_population,0.186238,0.186238,False
all,전체,raw,subway_morning_peak_500m,avg_income,0.184918,0.184918,False
non_starbucks,비스타벅스,raw,subway_morning_peak_500m,avg_income,0.18474,0.18474,False
starbucks,스타벅스,raw,num_subway_500m,nearest_subway_ridership,0.183429,0.183429,False
all,전체,transformed,num_bus_stops_300m,num_retail_500m,0.181334,0.181334,False
starbucks,스타벅스,transformed,subway_evening_peak_500m,living_population,0.180548,0.180548,False
all,전체,raw,subway_evening_peak_500m,avg_income,0.177991,0.177991,False
starbucks,스타벅스,transformed,nearest_subway_ridership,num_bus_stops_300m,0.177989,0.177989,False
all,전체,raw,num_bus_stops_300m,low_price_cafe_count_500m,0.17789,0.17789,False
all,전체,transformed,num_bus_stops_300m,low_price_cafe_count_500m,0.17789,0.17789,False
all,전체,transformed,num_bus_stops_300m,num_convenience_500m,0.177871,0.177871,False
all,전체,raw,num_bus_stops_300m,num_convenience_500m,0.177871,0.177871,False
non_starbucks,비스타벅스,raw,subway_evening_peak_500m,avg_income,0.177453,0.177453,False
all,전체,raw,num_subway_500m,num_offices,0.177337,0.177337,False
non_starbucks,비스타벅스,transformed,num_bus_stops_300m,num_retail_500m,0.17721,0.17721,False
starbucks,스타벅스,transformed,dist_nearest_subway,land_price,-0.17697,0.17697,False
non_starbucks,비스타벅스,raw,num_subway_500m,num_offices,0.175272,0.175272,False
starbucks,스타벅스,raw,num_subway_500m,num_offices,0.174864,0.174864,False
starbucks,스타벅스,raw,subway_morning_peak_500m,living_population,0.1746,0.1746,False
starbucks,스타벅스,transformed,subway_morning_peak_500m,living_population,0.173155,0.173155,False
non_starbucks,비스타벅스,raw,num_bus_stops_300m,low_price_cafe_count_500m,0.172428,0.172428,False
non_starbucks,비스타벅스,transformed,num_bus_stops_300m,low_price_cafe_count_500m,0.172428,0.172428,False
non_starbucks,비스타벅스,transformed,num_bus_stops_300m,num_convenience_500m,0.171599,0.171599,False
non_starbucks,비스타벅스,raw,num_bus_stops_300m,num_convenience_500m,0.171599,0.171599,False
all,전체,transformed,dist_nearest_subway,num_offices,-0.169252,0.169252,False
non_starbucks,비스타벅스,transformed,dist_nearest_subway,num_offices,-0.168768,0.168768,False
starbucks,스타벅스,raw,subway_evening_peak_500m,living_population,0.166696,0.166696,False
starbucks,스타벅스,raw,dist_nearest_subway,num_retail_500m,-0.166427,0.166427,False
all,전체,raw,num_bus_stops_300m,num_restaurants_500m,0.165312,0.165312,False
all,전체,transformed,num_bus_stops_300m,num_restaurants_500m,0.165312,0.165312,False
all,전체,raw,subway_lunch_peak_500m,avg_income,0.163021,0.163021,False
non_starbucks,비스타벅스,raw,subway_lunch_peak_500m,avg_income,0.162302,0.162302,False
all,전체,raw,num_bus_stops_300m,other_franchise_cafe_count_500m,0.160918,0.160918,False
all,전체,transformed,num_bus_stops_300m,other_franchise_cafe_count_500m,0.160918,0.160918,False
non_starbucks,비스타벅스,transformed,num_bus_stops_300m,num_restaurants_500m,0.160042,0.160042,False
non_starbucks,비스타벅스,raw,num_bus_stops_300m,num_restaurants_500m,0.160042,0.160042,False
starbucks,스타벅스,transformed,dist_nearest_subway,nearest_subway_ridership,-0.157479,0.157479,False
all,전체,transformed,subway_morning_peak_500m,avg_income,0.157439,0.157439,False
all,전체,transformed,subway_evening_peak_500m,avg_income,0.157354,0.157354,False
non_starbucks,비스타벅스,transformed,subway_morning_peak_500m,avg_income,0.156764,0.156764,False
non_starbucks,비스타벅스,transformed,subway_evening_peak_500m,avg_income,0.156522,0.156522,False
all,전체,raw,num_bus_stops_300m,num_retail_500m,0.155176,0.155176,False
non_starbucks,비스타벅스,raw,num_bus_stops_300m,other_franchise_cafe_count_500m,0.154756,0.154756,False
non_starbucks,비스타벅스,transformed,num_bus_stops_300m,other_franchise_cafe_count_500m,0.154756,0.154756,False
all,전체,raw,num_bus_stops_300m,independent_cafe_count_500m,0.153041,0.153041,False
all,전체,transformed,num_bus_stops_300m,independent_cafe_count_500m,0.153041,0.153041,False
non_starbucks,비스타벅스,raw,num_bus_stops_300m,num_retail_500m,0.1511,0.1511,False
non_starbucks,비스타벅스,raw,num_bus_stops_300m,independent_cafe_count_500m,0.148607,0.148607,False
non_starbucks,비스타벅스,transformed,num_bus_stops_300m,independent_cafe_count_500m,0.148607,0.148607,False
starbucks,스타벅스,transformed,subway_lunch_peak_500m,living_population,0.143729,0.143729,False
all,전체,transformed,subway_lunch_peak_500m,avg_income,0.142676,0.142676,False
non_starbucks,비스타벅스,transformed,subway_lunch_peak_500m,avg_income,0.141719,0.141719,False
starbucks,스타벅스,raw,dist_nearest_subway,land_price,-0.139703,0.139703,False
all,전체,raw,dist_nearest_subway,num_offices,-0.13509,0.13509,False
non_starbucks,비스타벅스,raw,dist_nearest_subway,num_offices,-0.134957,0.134957,False
non_starbucks,비스타벅스,transformed,independent_cafe_count_500m,avg_income,0.133674,0.133674,False
all,전체,transformed,independent_cafe_count_500m,avg_income,0.13264,0.13264,False
all,전체,transformed,dist_nearest_subway,nearest_subway_ridership,-0.12923,0.12923,False
non_starbucks,비스타벅스,transformed,dist_nearest_subway,nearest_subway_ridership,-0.126448,0.126448,False
all,전체,raw,num_bus_stops_300m,subway_evening_peak_500m,0.124727,0.124727,False
all,전체,raw,num_bus_stops_300m,subway_lunch_peak_500m,0.124217,0.124217,False
all,전체,transformed,other_franchise_cafe_count_500m,avg_income,0.122898,0.122898,False
non_starbucks,비스타벅스,transformed,other_franchise_cafe_count_500m,avg_income,0.122344,0.122344,False
non_starbucks,비스타벅스,transformed,dist_nearest_subway,living_population,-0.120306,0.120306,False
all,전체,transformed,dist_nearest_subway,living_population,-0.119604,0.119604,False
all,전체,transformed,num_subway_500m,nearest_subway_ridership,0.118685,0.118685,False
all,전체,transformed,num_bus_stops_300m,subway_lunch_peak_500m,0.117598,0.117598,False
non_starbucks,비스타벅스,raw,num_bus_stops_300m,subway_evening_peak_500m,0.117552,0.117552,False
non_starbucks,비스타벅스,raw,num_bus_stops_300m,subway_lunch_peak_500m,0.117227,0.117227,False
all,전체,raw,num_bus_stops_300m,subway_morning_peak_500m,0.115163,0.115163,False
all,전체,transformed,num_bus_stops_300m,subway_evening_peak_500m,0.1149,0.1149,False
non_starbucks,비스타벅스,transformed,num_subway_500m,nearest_subway_ridership,0.114657,0.114657,False
starbucks,스타벅스,raw,dist_nearest_subway,nearest_subway_ridership,-0.114465,0.114465,False
starbucks,스타벅스,raw,subway_evening_peak_500m,avg_income,0.114028,0.114028,False
non_starbucks,비스타벅스,raw,num_bus_stops_300m,avg_income,-0.11354,0.11354,False
starbucks,스타벅스,raw,num_bus_stops_300m,avg_income,-0.112424,0.112424,False
all,전체,raw,other_franchise_cafe_count_500m,avg_income,0.111866,0.111866,False
non_starbucks,비스타벅스,raw,other_franchise_cafe_count_500m,avg_income,0.111505,0.111505,False
all,전체,raw,num_bus_stops_300m,avg_income,-0.110935,0.110935,False
non_starbucks,비스타벅스,transformed,num_bus_stops_300m,subway_lunch_peak_500m,0.110316,0.110316,False
starbucks,스타벅스,raw,subway_lunch_peak_500m,living_population,0.1098,0.1098,False
starbucks,스타벅스,raw,subway_morning_peak_500m,avg_income,0.109626,0.109626,False
non_starbucks,비스타벅스,transformed,num_bus_stops_300m,avg_income,-0.109596,0.109596,False
all,전체,transformed,dist_nearest_subway,num_bus_stops_300m,-0.109359,0.109359,False
starbucks,스타벅스,raw,num_convenience_500m,avg_income,-0.108899,0.108899,False
non_starbucks,비스타벅스,raw,independent_cafe_count_500m,avg_income,0.108624,0.108624,False
all,전체,raw,independent_cafe_count_500m,avg_income,0.107522,0.107522,False
non_starbucks,비스타벅스,transformed,num_bus_stops_300m,subway_evening_peak_500m,0.10752,0.10752,False
non_starbucks,비스타벅스,raw,num_bus_stops_300m,subway_morning_peak_500m,0.107392,0.107392,False
all,전체,transformed,num_bus_stops_300m,avg_income,-0.106995,0.106995,False
all,전체,transformed,num_bus_stops_300m,subway_morning_peak_500m,0.106668,0.106668,False
starbucks,스타벅스,raw,subway_lunch_peak_500m,avg_income,0.105906,0.105906,False
starbucks,스타벅스,transformed,num_bus_stops_300m,avg_income,-0.10563,0.10563,False
starbucks,스타벅스,raw,nearest_subway_ridership,avg_income,0.105212,0.105212,False
all,전체,raw,dist_nearest_subway,nearest_subway_ridership,-0.103247,0.103247,False
non_starbucks,비스타벅스,transformed,dist_nearest_subway,num_bus_stops_300m,-0.103149,0.103149,False
non_starbucks,비스타벅스,raw,dist_nearest_subway,living_population,-0.102657,0.102657,False
all,전체,transformed,num_subway_500m,living_population,0.101822,0.101822,False
starbucks,스타벅스,transformed,dist_nearest_subway,num_offices,-0.101819,0.101819,False
all,전체,raw,dist_nearest_subway,living_population,-0.101703,0.101703,False
non_starbucks,비스타벅스,transformed,num_subway_500m,living_population,0.101671,0.101671,False
non_starbucks,비스타벅스,raw,dist_nearest_subway,nearest_subway_ridership,-0.101347,0.101347,False
all,전체,raw,nearest_subway_ridership,num_bus_stops_300m,0.100634,0.100634,False
starbucks,스타벅스,transformed,num_bus_stops_300m,living_population,-0.100119,0.100119,False
all,전체,transformed,num_subway_500m,avg_income,0.09933,0.09933,False
non_starbucks,비스타벅스,transformed,num_bus_stops_300m,subway_morning_peak_500m,0.098983,0.098983,False
non_starbucks,비스타벅스,transformed,num_subway_500m,avg_income,0.098374,0.098374,False
all,전체,raw,num_subway_500m,nearest_subway_ridership,0.098127,0.098127,False
starbucks,스타벅스,transformed,num_convenience_500m,avg_income,-0.09764,0.09764,False
all,전체,raw,dist_nearest_subway,num_bus_stops_300m,-0.09686,0.09686,False
non_starbucks,비스타벅스,raw,nearest_subway_ridership,num_bus_stops_300m,0.096649,0.096649,False
all,전체,transformed,nearest_subway_ridership,avg_income,0.096639,0.096639,False
all,전체,transformed,num_bus_stops_300m,dist_nearest_starbucks,-0.09538,0.09538,False
non_starbucks,비스타벅스,transformed,nearest_subway_ridership,avg_income,0.095374,0.095374,False
non_starbucks,비스타벅스,raw,num_subway_500m,nearest_subway_ridership,0.093827,0.093827,False
all,전체,raw,nearest_subway_ridership,avg_income,0.093379,0.093379,False
non_starbucks,비스타벅스,transformed,num_bus_stops_300m,dist_nearest_starbucks,-0.092243,0.092243,False
starbucks,스타벅스,raw,num_retail_500m,living_population,0.091527,0.091527,False
non_starbucks,비스타벅스,raw,dist_nearest_subway,num_bus_stops_300m,-0.090864,0.090864,False
non_starbucks,비스타벅스,raw,nearest_subway_ridership,avg_income,0.090817,0.090817,False
all,전체,raw,num_subway_500m,avg_income,0.090751,0.090751,False
non_starbucks,비스타벅스,transformed,dist_nearest_subway,avg_income,-0.090039,0.090039,False
all,전체,transformed,dist_nearest_subway,avg_income,-0.089855,0.089855,False
non_starbucks,비스타벅스,raw,num_subway_500m,avg_income,0.089848,0.089848,False
non_starbucks,비스타벅스,raw,num_subway_500m,living_population,0.088147,0.088147,False
all,전체,raw,num_subway_500m,living_population,0.087475,0.087475,False
starbucks,스타벅스,raw,num_bus_stops_300m,living_population,-0.087409,0.087409,False
all,전체,raw,num_bus_stops_300m,dist_nearest_starbucks,-0.084366,0.084366,False
non_starbucks,비스타벅스,raw,dist_nearest_subway,avg_income,-0.081984,0.081984,False
all,전체,raw,dist_nearest_subway,avg_income,-0.081904,0.081904,False
starbucks,스타벅스,transformed,subway_evening_peak_500m,avg_income,0.081894,0.081894,False
non_starbucks,비스타벅스,raw,num_bus_stops_300m,dist_nearest_starbucks,-0.081219,0.081219,False
starbucks,스타벅스,raw,num_retail_500m,avg_income,0.07908,0.07908,False
starbucks,스타벅스,raw,dist_nearest_subway,num_offices,-0.077014,0.077014,False
all,전체,transformed,nearest_subway_ridership,num_bus_stops_300m,0.075924,0.075924,False
starbucks,스타벅스,transformed,subway_morning_peak_500m,avg_income,0.074712,0.074712,False
starbucks,스타벅스,raw,num_bus_stops_300m,num_offices,-0.073774,0.073774,False
all,전체,raw,num_retail_500m,avg_income,0.072038,0.072038,False
starbucks,스타벅스,transformed,subway_lunch_peak_500m,avg_income,0.071958,0.071958,False
non_starbucks,비스타벅스,transformed,nearest_subway_ridership,num_bus_stops_300m,0.071557,0.071557,False
non_starbucks,비스타벅스,transformed,num_bus_stops_300m,num_offices,-0.070762,0.070762,False
non_starbucks,비스타벅스,raw,num_retail_500m,avg_income,0.06869,0.06869,False
all,전체,transformed,num_bus_stops_300m,num_offices,-0.068125,0.068125,False
non_starbucks,비스타벅스,transformed,num_restaurants_500m,avg_income,0.067415,0.067415,False
all,전체,transformed,num_restaurants_500m,avg_income,0.067108,0.067108,False
starbucks,스타벅스,transformed,nearest_subway_ridership,avg_income,0.067037,0.067037,False
non_starbucks,비스타벅스,transformed,num_bus_stops_300m,land_price,-0.064414,0.064414,False
all,전체,raw,num_subway_500m,num_bus_stops_300m,0.062098,0.062098,False
all,전체,transformed,num_subway_500m,num_bus_stops_300m,0.062098,0.062098,False
non_starbucks,비스타벅스,raw,num_bus_stops_300m,num_offices,-0.060619,0.060619,False
all,전체,transformed,num_bus_stops_300m,land_price,-0.060025,0.060025,False
all,전체,raw,num_bus_stops_300m,num_offices,-0.059196,0.059196,False
starbucks,스타벅스,raw,low_price_cafe_count_500m,avg_income,-0.057759,0.057759,False
starbucks,스타벅스,transformed,independent_cafe_count_500m,avg_income,0.056969,0.056969,False
starbucks,스타벅스,transformed,low_price_cafe_count_500m,avg_income,-0.055943,0.055943,False
non_starbucks,비스타벅스,transformed,num_subway_500m,num_bus_stops_300m,0.055386,0.055386,False
non_starbucks,비스타벅스,raw,num_subway_500m,num_bus_stops_300m,0.055386,0.055386,False
non_starbucks,비스타벅스,raw,num_restaurants_500m,avg_income,0.054025,0.054025,False
all,전체,raw,num_restaurants_500m,avg_income,0.053567,0.053567,False
starbucks,스타벅스,transformed,other_franchise_cafe_count_500m,avg_income,0.049871,0.049871,False
starbucks,스타벅스,transformed,num_bus_stops_300m,num_offices,-0.045555,0.045555,False
starbucks,스타벅스,transformed,num_retail_500m,avg_income,0.04369,0.04369,False
starbucks,스타벅스,raw,num_bus_stops_300m,land_price,0.043563,0.043563,False
non_starbucks,비스타벅스,raw,num_bus_stops_300m,land_price,-0.041575,0.041575,False
all,전체,raw,num_bus_stops_300m,land_price,-0.037091,0.037091,False
all,전체,transformed,num_bus_stops_300m,living_population,-0.035503,0.035503,False
non_starbucks,비스타벅스,transformed,num_bus_stops_300m,living_population,-0.035195,0.035195,False
starbucks,스타벅스,raw,other_franchise_cafe_count_500m,avg_income,0.034943,0.034943,False
starbucks,스타벅스,transformed,num_subway_500m,avg_income,0.034784,0.034784,False
starbucks,스타벅스,raw,independent_cafe_count_500m,avg_income,0.03193,0.03193,False
starbucks,스타벅스,transformed,dist_nearest_subway,avg_income,0.030643,0.030643,False
all,전체,raw,num_convenience_500m,avg_income,-0.028347,0.028347,False
non_starbucks,비스타벅스,raw,num_convenience_500m,avg_income,-0.027833,0.027833,False
starbucks,스타벅스,transformed,num_subway_500m,living_population,0.02736,0.02736,False
starbucks,스타벅스,raw,num_subway_500m,avg_income,0.025715,0.025715,False
all,전체,raw,num_bus_stops_300m,living_population,-0.025286,0.025286,False
non_starbucks,비스타벅스,raw,num_bus_stops_300m,living_population,-0.02469,0.02469,False
all,전체,transformed,num_convenience_500m,avg_income,-0.021434,0.021434,False
non_starbucks,비스타벅스,transformed,num_convenience_500m,avg_income,-0.021175,0.021175,False
starbucks,스타벅스,raw,num_restaurants_500m,avg_income,-0.017768,0.017768,False
all,전체,transformed,num_retail_500m,avg_income,0.016793,0.016793,False
starbucks,스타벅스,raw,dist_nearest_subway,avg_income,0.01476,0.01476,False
starbucks,스타벅스,transformed,num_bus_stops_300m,land_price,0.013627,0.013627,False
non_starbucks,비스타벅스,transformed,num_retail_500m,avg_income,0.013396,0.013396,False
non_starbucks,비스타벅스,raw,low_price_cafe_count_500m,avg_income,-0.01207,0.01207,False
all,전체,raw,low_price_cafe_count_500m,avg_income,-0.0107,0.0107,False
non_starbucks,비스타벅스,transformed,low_price_cafe_count_500m,avg_income,-0.008214,0.008214,False
all,전체,transformed,low_price_cafe_count_500m,avg_income,-0.006915,0.006915,False
starbucks,스타벅스,raw,dist_nearest_subway,living_population,-0.00537,0.00537,False
starbucks,스타벅스,transformed,dist_nearest_subway,living_population,-0.001809,0.001809,False
starbucks,스타벅스,transformed,num_restaurants_500m,avg_income,-0.001736,0.001736,False
starbucks,스타벅스,raw,num_subway_500m,living_population,0.00026,0.00026,False
